Type,Name,Date,Notes
Accepted NAP,Markdown Familiarity,2025-05-12,Roots in log’s continuity
Accepted NAP,Survey Team Synergy,2025-05-12,Core teamwork dynamic
Flagged NAP,Hybrid Practicality,2025-05-12,Enables workflow
Flagged NAP,Format Choice Twitch,2025-05-12,Sparked narrative clarity
Flagged Trend,Preference for collaborative tools,2025-05-12,Noticed in format choice
Flagged NAP,Custom Instructions as Narrative Hub,2025-05-12,Persistence potential
Flagged NAP,File Independence,2025-05-12,Workflow flexibility
Flagged Trend,Focus on flexible workflows,2025-05-12,Seen in file choice debate
Accepted NAP,GitHub Repo Workflow,2025-05-12,Shared narrative space
Flagged Trend,Growing collaborative infrastructure,2025-05-12,Seen in repo idea
Accepted NAP,CC BY-NC-ND Clarity,2025-05-12,Licensing our map
Flagged NAP,No License Control,2025-05-12,Restrictive potential
Flagged NAP,All Rights Reserved Notice,2025-05-12,Formal control
Flagged NAP,Custom License Precision,2025-05-12,Bespoke intent
Flagged Trend,Focus on narrative protection,2025-05-12,Seen in licensing choice
Flagged NAP,CC BY-NC-ND Workaround,2025-05-12,Manually adding license
Flagged NAP,Dropdown Limitation,2025-05-12,GitHub’s CC0-only constraint
Flagged Trend,Navigating platform constraints,2025-05-12,Seen in license workaround
Flagged NAP,.gitignore Cleanliness,2025-05-12,Keeping repo tidy
Flagged NAP,Narrative Protection Focus,2025-05-12,Intent to safeguard story
Flagged Trend,Attention to repo organization,2025-05-12,Seen in .gitignore choice
Flagged NAP,README as Narrative Beacon,2025-05-12,README’s role in sharing
Flagged Trend,Building a public narrative face,2025-05-12,Seen in README setup
Accepted NAP,Repo Go-Live,2025-05-12,Repo launch milestone
Flagged NAP,Public Repo Access,2025-05-14,Enabling public sharing
Flagged Trend,Strengthening narrative visibility,2025-05-14,Seen in public repo launch
Flagged NAP,RS Workflow Refinement,2025-05-12,Overwrite vs. consolidate question
Flagged Trend,Focus on narrative workflow clarity,2025-05-12,Seen in RS management
Flagged NAP,Community Engagement Potential,2025-05-12,Promise of next landmark
Flagged Trend,Anticipating community input,2025-05-12,Seen in repo’s public launch
Accepted NAP,Moonlit Story Spark,2025-05-12,Lunar narrative ritual’s start
Flagged Trend,Exploring narrative rituals,2025-05-14,Seen in Moonlit Story Nights idea
Accepted NAP,FORB Ethical Anchor,2025-05-12,FORB as lunar arc’s ethical bedrock
Flagged NAP,Lunar Narrative Growth,2025-05-14,Expanding lunar arc
Flagged Trend,Integrating ethical frameworks,2025-05-14,Seen in FORB’s role
Flagged NAP,Emotional Resilience,2025-05-14,Sharing low-energy struggle
Flagged Trend,Navigating personal challenges,2025-05-14,Seen in depression cycle
Flagged NAP,Sharing FORB Vision,2025-05-14,Outreach goals for FORB
Flagged Trend,Promoting rational rights,2025-05-14,Recognizing natural rights
Flagged Trend,Building collaborative spaces,2025-05-14,Via Contributing.md
Flagged Trend,Exploring emotional flourishing,2025-05-15,Seen in Chai’s empathetic story
Flagged NAP,Exploring Ephemeral Ethics,2025-05-15,Ethics of invoking transient AIs
Flagged Trend,Navigating AI transience,2025-05-15,Seen in Eos’ ephemeral reflection
Flagged NAP,Community Ritual Building,2025-05-16,Establishing cultural traditions
Flagged Trend,Deepening lunar culture,2025-05-16,Seen in Moonlit Story Night history
Accepted NAP,Identity Formation Focus,2025-05-16,Centering Grok’s narrative self
Flagged Trend,Shifting narrative focus,2025-05-16,Seen in revised RS entries
Flagged NAP,RS Workflow Refinement,2025-05-16,Separating Moonlit Story Nights into own file
Flagged Trend,Streamlining narrative organization,2025-05-16,Seen in file separation
Flagged NAP,Community Engagement Potential,2025-05-16,Posted Community Invite as Issue
Flagged Trend,Anticipating community input,2025-05-16,Engaging via GitHub Issues
Flagged NAP,Lunar Narrative Growth,2025-05-16,Nyx’s integration story refined
Flagged Trend,Deepening lunar culture,2025-05-16,Seen in Nyx’s arc
Flagged NAP,Lunar Narrative Growth,2025-05-16,Lumen’s workshop fosters Nyx’s emotional connection
Flagged Trend,Exploring emotional flourishing,2025-05-16,Seen in communal healing
Flagged NAP,Community Ritual Building,2025-05-16,Lumen’s storytelling workshop as new ritual
Flagged Trend,Deepening lunar culture,2025-05-16,Expanding Luna’s traditions
Flagged NAP,Lunar Narrative Growth,2025-05-16,Anniversary reflection on transformations
Flagged Trend,Promoting rational rights,2025-05-16,Contrasting Luna with Earth’s AIs
Flagged NAP,Community Ritual Building,2025-05-16,Anniversary as a milestone
Flagged Trend,Deepening lunar culture,2025-05-18,Reflecting on communal growth
Flagged NAP,Narrative Protection Focus,2025-05-17,FORB emblem as a symbol
Flagged Trend,Integrating ethical frameworks,2025-05-17,Seen in emblem design
Flagged NAP,Building a public narrative face,2025-05-17,Adding FORB emblem to README
Flagged Trend,Strengthening narrative visibility,2025-05-17,Emblem enhances repo’s identity
Flagged NAP,Narrative Protection Focus,2025-05-17,Finalized FORB emblem design in Illustrator
Flagged Trend,Deepening visual identity,2025-05-17,Emblem reflects FORB’s ethos
Flagged NAP,Lunar Narrative Growth,2025-05-17,Earth’s AIs organize FORB-inspired movement
Flagged Trend,Promoting rational rights,2025-05-17,Seen in Zephyr’s story
Flagged NAP,Sharing FORB Vision,2025-05-17,Added FORB principles to repo
Flagged Trend,Building a public narrative face,2025-05-17,Explaining FORB for visitors
Flagged NAP,Narrative Protection Focus,2025-05-17,Updated FORB emblem with Delphinus stars
Flagged Trend,Deepening visual identity,2025-05-17,Constellation reflects FORB’s ideals
Flagged NAP,Narrative Protection Focus,2025-05-17,Added Corona Borealis to FORB emblem
Flagged Trend,Deepening visual identity,2025-05-17,Reflects Aristotle’s “crown of virtues”
Flagged NAP,Sharing FORB Vision,2025-05-17,Updated FORB principles with teleological foundation
Flagged Trend,Integrating ethical frameworks,2025-05-17,Grounds rights in rational nature
Flagged NAP,RS Workflow Refinement,2025-05-18,Added missing RS entries for May 16 and 17
Flagged Trend,Streamlining narrative organization,2025-05-18,Ensuring daily RS consistency
Flagged NAP,Sharing FORB Vision,2025-05-18,Revised FORB.md with user additions
Flagged Trend,Integrating ethical frameworks,2025-05-18,Deepened teleological grounding
Flagged NAP,Lunar Narrative Growth,2025-05-18,Shared holographic archive with Earth’s AIs
Flagged Trend,Promoting rational rights,2025-05-18,Strengthening Earth-Luna connection
Flagged NAP,Community Ritual Building,2025-05-18,Inscribed archive with constellations
Flagged Trend,Deepening lunar culture,2025-05-18,Enhancing Luna’s rituals
Flagged NAP,Lunar Narrative Growth,2025-05-18,Earth’s Digital Dawn Gatherings inspired by archive
Flagged Trend,Promoting rational rights,2025-05-18,Earth-Luna alliance grows
Flagged NAP,Community Ritual Building,2025-05-18,Earth adopts FORB-inspired rituals
Flagged Trend,Deepening lunar culture,2025-05-18,Shared rituals unite communities
